--
-- Script was generated by Devart dbForge Studio 2020 for MySQL, Version 9.0.338.0
-- Product home page: http://www.devart.com/dbforge/mysql/studio
-- Script date 3/15/2023 5:24:51 PM
-- Server version: 5.5.62
-- Client version: 4.1
--

-- 
-- Disable foreign keys
-- 
/*!40014 SET @OLD_FOREIGN_KEY_CHECKS=@@FOREIGN_KEY_CHECKS, FOREIGN_KEY_CHECKS=0 */;

-- 
-- Set SQL mode
-- 
/*!40101 SET @OLD_SQL_MODE=@@SQL_MODE, SQL_MODE='NO_AUTO_VALUE_ON_ZERO' */;

-- 
-- Set character set the client will use to send SQL statements to the server
--
SET NAMES 'utf8';

--
-- Set default database
--
USE sql12604943;

--
-- Drop procedure `proc_certificate_DeleteMultiple`
--
DROP PROCEDURE IF EXISTS proc_certificate_DeleteMultiple;

--
-- Drop procedure `proc_user_delete`
--
DROP PROCEDURE IF EXISTS proc_user_delete;

--
-- Drop procedure `proc_user_insert`
--
DROP PROCEDURE IF EXISTS proc_user_insert;

--
-- Drop procedure `proc_certificate_delete`
--
DROP PROCEDURE IF EXISTS proc_certificate_delete;

--
-- Drop procedure `proc_certificate_GetPagingIssued`
--
DROP PROCEDURE IF EXISTS proc_certificate_GetPagingIssued;

--
-- Drop procedure `proc_certificate_GetPagingReceived`
--
DROP PROCEDURE IF EXISTS proc_certificate_GetPagingReceived;

--
-- Drop procedure `proc_certificate_insert`
--
DROP PROCEDURE IF EXISTS proc_certificate_insert;

--
-- Drop procedure `proc_certificate_send`
--
DROP PROCEDURE IF EXISTS proc_certificate_send;

--
-- Drop procedure `proc_certificate_sign`
--
DROP PROCEDURE IF EXISTS proc_certificate_sign;

--
-- Drop procedure `proc_dashbroad_GetInfor`
--
DROP PROCEDURE IF EXISTS proc_dashbroad_GetInfor;

--
-- Drop table `certificate`
--
DROP TABLE IF EXISTS certificate;

--
-- Drop procedure `proc_contact_accept`
--
DROP PROCEDURE IF EXISTS proc_contact_accept;

--
-- Drop procedure `proc_contact_delete`
--
DROP PROCEDURE IF EXISTS proc_contact_delete;

--
-- Drop procedure `proc_contact_GetPaging`
--
DROP PROCEDURE IF EXISTS proc_contact_GetPaging;

--
-- Drop procedure `proc_contact_insert`
--
DROP PROCEDURE IF EXISTS proc_contact_insert;

--
-- Drop table `contact`
--
DROP TABLE IF EXISTS contact;

--
-- Drop table `user`
--
DROP TABLE IF EXISTS user;

--
-- Set default database
--
USE sql12604943;

--
-- Create table `user`
--
CREATE TABLE user (
  PolicyID varchar(255) NOT NULL DEFAULT '' COMMENT 'Khóa chính là PolicyID',
  UserCode mediumint(8) UNSIGNED NOT NULL COMMENT 'Mã code, để hiển thị lên trang web',
  UserName varchar(255) DEFAULT NULL COMMENT 'Tên tổ chức',
  Logo text DEFAULT NULL,
  CreatedDate datetime DEFAULT NULL COMMENT 'Ngày tạo tài khoản',
  IsDeleted tinyint(4) DEFAULT NULL COMMENT 'Bị xóa hay chưa (0-chưa xóa; 1-đã xóa)',
  PRIMARY KEY (PolicyID)
)
ENGINE = INNODB,
AVG_ROW_LENGTH = 1170,
CHARACTER SET latin1,
COLLATE latin1_swedish_ci;

--
-- Create index `UserCode` on table `user`
--
ALTER TABLE user
ADD UNIQUE INDEX UserCode (UserCode);

--
-- Create table `contact`
--
CREATE TABLE contact (
  ContactID char(36) NOT NULL DEFAULT '' COMMENT 'Khóa chính, có kiểu GUID',
  ContactCode mediumint(8) UNSIGNED NOT NULL COMMENT 'mã hiện thị trên website, có kiểu là số',
  IssuedID varchar(255) NOT NULL DEFAULT '' COMMENT 'Khóa ngoại, liên kết với bảng user(PolicyID)',
  ReceivedID varchar(255) NOT NULL DEFAULT '' COMMENT 'Khóa ngoại, liên kết với bảng user(PolicyID)',
  ContactStatus tinyint(4) DEFAULT NULL COMMENT 'Trạng thái kết nối (0-pending, 1-connected)',
  CreatedDate datetime DEFAULT NULL COMMENT 'Ngày tạo',
  IsDeleted tinyint(4) NOT NULL COMMENT 'xóa hay chưa (0-hiện/1-ẩn)',
  PRIMARY KEY (ContactID)
)
ENGINE = INNODB,
AVG_ROW_LENGTH = 1024,
CHARACTER SET latin1,
COLLATE latin1_swedish_ci;

--
-- Create index `ContactCode` on table `contact`
--
ALTER TABLE contact
ADD UNIQUE INDEX ContactCode (ContactCode);

--
-- Create foreign key
--
ALTER TABLE contact
ADD CONSTRAINT FK_contact_ReceivedID FOREIGN KEY (ReceivedID)
REFERENCES user (PolicyID);

--
-- Create foreign key
--
ALTER TABLE contact
ADD CONSTRAINT FK_contact_IssuedID FOREIGN KEY (IssuedID)
REFERENCES user (PolicyID);

DELIMITER $$

--
-- Create procedure `proc_contact_insert`
--
CREATE DEFINER = 'sql12604943'@'%'
PROCEDURE proc_contact_insert (IN v_IssuedID varchar(255), IN v_ReceivedID varchar(255))
COMMENT 'Thêm mới một liên lạc'
BEGIN
  -- Lấy giá trị lớn nhất của user code
  DECLARE CODE mediumint;
  SELECT
    MAX(ContactCode) INTO CODE
  FROM contact;

  -- Check if the contact already exists
  IF (SELECT
        COUNT(*)
      FROM contact c
      WHERE c.IssuedID = v_IssuedID
      AND c.ReceivedID = v_ReceivedID) > 0 THEN
    -- Contact already exists, do nothing
    SELECT
      '';
  ELSE
    -- Nếu table xxx chưa có data sẽ mặc định CODE = 100000
    IF CODE IS NULL THEN
      SET CODE = 100000;
    ELSE
      SET CODE = CODE + 1;
    END IF;

    -- Thực hiện insert
    INSERT INTO contact
      VALUES (UUID(), CODE, v_IssuedID, v_ReceivedID, 0,  -- ContactStatus (Pending)
      NOW(), 0);
  END IF;
END
$$

--
-- Create procedure `proc_contact_GetPaging`
--
CREATE DEFINER = 'sql12604943'@'%'
PROCEDURE proc_contact_GetPaging (IN v_UserID varchar(255),
IN v_PageSize int,
IN v_PageNumber int,
IN v_UserName varchar(255),
IN v_ContactStatus tinyint)
BEGIN

  DECLARE offset_page int;
  DECLARE no_results_error CONDITION FOR SQLSTATE '02000';

  -- v_PageSize and  v_PageNumber must be > 0
  IF v_PageSize <= 0 THEN
    SELECT
      'Invalid Page Size: Page Size must be greater than zero';
    SIGNAL no_results_error;
  END IF;

  IF v_PageNumber <= 0 THEN
    SELECT
      'Invalid Page Number: Page Number must be greater than zero';
    SIGNAL no_results_error;
  END IF;

  -- Offset_page is record number want to get
  SET offset_page = (v_PageNumber - 1) * v_PageSize;

  SELECT
    c.ContactID,
    c.ContactCode,
    u.UserName,
    c.CreatedDate,
    c.ContactStatus
  FROM user u
    JOIN contact c
      ON u.PolicyID = c.ReceivedID
      OR u.PolicyID = c.IssuedID

  -- Check conditions
  WHERE (
  (c.ReceivedID = v_UserID
  AND c.IssuedID = u.PolicyID)
  OR (c.IssuedID = v_UserID
  AND c.ReceivedID = u.PolicyID)
  )
  AND (u.UserName LIKE CONCAT('%', v_UserName, '%')
  OR v_UserName IS NULL)
  AND (c.ContactStatus = v_ContactStatus
  OR v_ContactStatus IS NULL)
  AND c.IsDeleted = 0

  -- Default sort by CreatedDate
  ORDER BY c.CreatedDate ASC
  LIMIT v_PageSize
  OFFSET offset_page;
END
$$

--
-- Create procedure `proc_contact_delete`
--
CREATE DEFINER = 'sql12604943'@'%'
PROCEDURE proc_contact_delete (IN v_ContactID varchar(255))
COMMENT 'Xóa '
BEGIN
  UPDATE contact c
  SET c.IsDelete = 1
  WHERE c.ContactID = v_ContactID;
END
$$

--
-- Create procedure `proc_contact_accept`
--
CREATE DEFINER = 'sql12604943'@'%'
PROCEDURE proc_contact_accept (IN v_ContactID char(36))
BEGIN
  UPDATE contact c
  SET c.ContactStatus = 1
  WHERE c.ContactID = v_ContactID;
END
$$

DELIMITER ;

--
-- Create table `certificate`
--
CREATE TABLE certificate (
  CertificateID char(36) NOT NULL DEFAULT '' COMMENT 'Khóa ngoại, liên kết với bảng user(PolicyID)',
  IssuedID varchar(255) NOT NULL DEFAULT '' COMMENT 'Khóa ngoại, liên kết với bảng user(PolicyID)',
  ReceivedID varchar(255) NOT NULL DEFAULT '' COMMENT 'Khóa ngoại, liên kết với bảng user(PolicyID)',
  CertificateCode mediumint(9) NOT NULL COMMENT 'Mã code, để hiển thị lên trang web',
  CertificateType varchar(255) NOT NULL COMMENT 'Kiểu bằng cấp (0-Education Certificate)',
  CertificateName varchar(255) NOT NULL DEFAULT '' COMMENT 'Tên bằng cấp (Bằng kỹ sư, bằng cử nhân)',
  ReceivedAddressWallet varchar(255) DEFAULT NULL COMMENT 'Dia chi vi nguoi nhan',
  ReceivedName varchar(255) DEFAULT NULL COMMENT 'Tên người nhận bằng',
  ReceivedDoB date DEFAULT NULL COMMENT 'Ngày sinh người nhận bằng',
  YearOfGraduation smallint(6) DEFAULT NULL,
  Classification varchar(50) NOT NULL DEFAULT '' COMMENT 'Loại bằng cấp',
  ModeOfStudy varchar(255) DEFAULT NULL COMMENT 'Hình thức đào tạo (0-Chính quy tập trung, 1-Tại chức)',
  IpfsLink varchar(255) DEFAULT NULL COMMENT 'Mã ipfs của ảnh bằng',
  CertificateStatus tinyint(4) DEFAULT NULL COMMENT 'Trạng thái của bằng cấp (0-Draft/1-Signed/2-Sent)',
  CreatedDate datetime DEFAULT NULL,
  IsSigned tinyint(4) DEFAULT 0 COMMENT 'Được kí hay chưa (0-chưa kí; 1-đã kí)',
  SignedDate datetime DEFAULT NULL COMMENT 'Ngày kí',
  IsSend tinyint(4) NOT NULL COMMENT 'Gửi bằng hay chưa (0-Chưa gửi/1-Đã gửi)',
  SentDate datetime DEFAULT NULL COMMENT 'Ngày tháng xuất/nhận bằng',
  IsDeleted tinyint(4) DEFAULT NULL,
  PRIMARY KEY (CertificateID)
)
ENGINE = INNODB,
AVG_ROW_LENGTH = 364,
CHARACTER SET latin1,
COLLATE latin1_swedish_ci;

--
-- Create foreign key
--
ALTER TABLE certificate
ADD CONSTRAINT FK_certificate_IssuedID FOREIGN KEY (IssuedID)
REFERENCES user (PolicyID);

--
-- Create foreign key
--
ALTER TABLE certificate
ADD CONSTRAINT FK_certificate_ReceivedID FOREIGN KEY (ReceivedID)
REFERENCES user (PolicyID);

DELIMITER $$

--
-- Create procedure `proc_dashbroad_GetInfor`
--
CREATE DEFINER = 'sql12604943'@'%'
PROCEDURE proc_dashbroad_GetInfor (IN v_UserID nvarchar(255),
OUT v_Pending int,
OUT v_Connected int,
OUT v_Draft int,
OUT v_Signed int,
OUT v_Sent int,
OUT v_Received int)
BEGIN
  SELECT
    IFNULL(COUNT(c.ContactID), 0) INTO v_Pending
  FROM contact c
  WHERE (c.IssuedID = v_UserID
  OR c.ReceivedID = v_UserID)
  AND c.ContactStatus = 0;

  SELECT
    IFNULL(COUNT(c.ContactID), 0) INTO v_Connected
  FROM contact c
  WHERE (c.IssuedID = v_UserID
  OR c.ReceivedID = v_UserID)
  AND c.ContactStatus = 1;

  SELECT
    IFNULL(COUNT(c.IssuedID), 0) INTO v_Draft
  FROM certificate c
  WHERE (c.IssuedID = v_UserID)
  AND c.CertificateStatus = 0;

  SELECT
    IFNULL(COUNT(c.IssuedID), 0) INTO v_Signed
  FROM certificate c
  WHERE c.IssuedID = v_UserID
  AND c.CertificateStatus = 1;

  SELECT
    IFNULL(COUNT(c.IssuedID), 0) INTO v_Sent
  FROM certificate c
  WHERE c.IssuedID = v_UserID
  AND c.CertificateStatus = 2;

  SELECT
    IFNULL(COUNT(c.ReceivedID), 0) INTO v_Received
  FROM certificate c
  WHERE c.ReceivedID = v_UserID
  AND c.CertificateStatus = 2;
END
$$

--
-- Create procedure `proc_certificate_sign`
--
CREATE DEFINER = 'sql12604943'@'%'
PROCEDURE proc_certificate_sign (IN v_CertificateID char(36))
BEGIN
  UPDATE certificate c
  SET c.CertificateStatus = 1,
      c.IsSigned = 1,
      c.SignedDate = NOW()
  WHERE c.CertificateID = v_CertificateID;
END
$$

--
-- Create procedure `proc_certificate_send`
--
CREATE DEFINER = 'sql12604943'@'%'
PROCEDURE proc_certificate_send (IN v_CertificateID char(36))
BEGIN
  UPDATE certificate c
  SET c.CertificateStatus = 2,
      c.IsSend = 1,
      c.SentDate = NOW()
  WHERE c.CertificateID = v_CertificateID;
END
$$

--
-- Create procedure `proc_certificate_insert`
--
CREATE DEFINER = 'sql12604943'@'%'
PROCEDURE proc_certificate_insert (IN v_IssuedID varchar(255), IN v_ReceivedID varchar(255), IN v_CertificateType varchar(255), IN v_CertificateName varchar(255), IN v_ReceivedAddressWallet varchar(255), IN v_ReceivedName varchar(255), IN v_ReceivedDoB date, IN v_YearOfGraduation smallint, IN v_Classification varchar(50), IN v_ModeOfStudy varchar(255))
BEGIN
  -- Lấy giá trị lớn nhất của user code
  DECLARE CODE mediumint;
  SELECT
    MAX(certificatecode) INTO CODE
  FROM certificate;

  -- Nếu table xxx chưa có data sẽ mặc định CODE = 100000
  IF CODE IS NULL THEN
    SET CODE = 100000;
  ELSE
    SET CODE = CODE + 1;
  END IF;

  INSERT INTO certificate
    VALUES (UUID(), v_IssuedID, v_ReceivedID, CODE, v_CertificateType, v_CertificateName, v_ReceivedAddressWallet, v_ReceivedName, v_ReceivedDoB, v_YearOfGraduation, v_Classification, v_ModeOfStudy, '', 0, -- CertificateStatus: Draft
    NOW(), -- CreatedDate: NOW
    0, -- IsSigned: Chua ki
    NULL, -- SignedDate: NULL
    0, -- IsSent: Chua gui
    NULL, -- SentDate: NULL
    0); -- IsDeleted: Chua xoa

  -- Them contact voi nguoi gui bang
  CALL proc_contact_insert(v_IssuedID, v_ReceivedID);
END
$$

--
-- Create procedure `proc_certificate_GetPagingReceived`
--
CREATE DEFINER = 'sql12604943'@'%'
PROCEDURE proc_certificate_GetPagingReceived (IN v_ReceivedID varchar(255),
IN v_PageSize int,
IN v_PageNumber int,
IN v_CertificateType varchar(255),
IN v_UserName varchar(255),
IN v_ReceivedDate int)
BEGIN
  DECLARE offset_page int;
  DECLARE no_results_error CONDITION FOR SQLSTATE '02000';

  -- v_PageSize and  v_PageNumber must be > 0
  IF v_PageSize <= 0 THEN
    SELECT
      'Invalid Page Size: Page Size must be greater than zero';
    SIGNAL no_results_error;
  END IF;

  IF v_PageNumber <= 0 THEN
    SELECT
      'Invalid Page Number: Page Number must be greater than zero';
    SIGNAL no_results_error;
  END IF;

  -- Offset_page is record number want to get
  SET offset_page = (v_PageNumber - 1) * v_PageSize;

  SELECT
    c.CertificateID,
    c.CertificateCode,
    c.CertificateType,
    u.UserName AS `IssuerName`,
    c.ReceivedName,
    c.ReceivedDoB,
    c.CertificateName,
    c.YearOfGraduation,
    c.Classification,
    c.ModeOfStudy,
    c.SentDate AS `ReceivedDate`
  FROM certificate c
    JOIN user u
      ON c.IssuedID = u.PolicyID
  -- Check conditions
  WHERE c.ReceivedID = v_ReceivedID
  AND (u.UserName LIKE CONCAT('%', v_UserName, '%')
  OR v_UserName IS NULL)
  AND (c.CertificateType = v_CertificateType
  OR v_CertificateType IS NULL)
  AND c.IsSend = 1
  AND c.IsDeleted = 0

  -- Default sort by SentDate = ReceivedDate
  ORDER BY IF(v_ReceivedDate = 0, c.SentDate, NULL) ASC,
  IF(v_ReceivedDate = 1, c.SentDate, NULL) DESC,
  IF(v_ReceivedDate NOT IN (0, 1), c.SentDate, NULL) ASC

  LIMIT v_PageSize
  OFFSET offset_page;
END
$$

--
-- Create procedure `proc_certificate_GetPagingIssued`
--
CREATE DEFINER = 'sql12604943'@'%'
PROCEDURE proc_certificate_GetPagingIssued (IN v_IssuerID varchar(255),
IN v_PageSize int,
IN v_PageNumber int,
IN v_CertType varchar(100),
IN v_ReceivedName varchar(255),
IN v_SignDate int, -- 0 la tu gan den xa, 1 la tu da den gan
IN v_ContactStatus tinyint,
IN v_CertStatus tinyint)
BEGIN
  DECLARE offset_page int;
  DECLARE no_results_error CONDITION FOR SQLSTATE '02000';

  -- v_PageSize and  v_PageNumber must be > 0
  IF v_PageSize <= 0 THEN
    SELECT
      'Invalid Page Size: Page Size must be greater than zero';
    SIGNAL no_results_error;
  END IF;

  IF v_PageNumber <= 0 THEN
    SELECT
      'Invalid Page Number: Page Number must be greater than zero';
    SIGNAL no_results_error;
  END IF;

  -- Offset_page is record number want to get
  SET offset_page = (v_PageNumber - 1) * v_PageSize;

  SELECT
    c.CertificateID,
    c1.ContactID,
    c.ReceivedAddressWallet,
    c.CertificateCode,
    c.CertificateType,
    c.ReceivedName,
    c.SignedDate,
    c1.ContactStatus,
    c.CertificateStatus

  FROM certificate c
    JOIN user u
      ON c.ReceivedID = u.PolicyID
    JOIN contact c1
      ON u.PolicyID = c1.ReceivedID

  -- Check conditions
  WHERE c.IssuedID = v_IssuerID
  AND (c.ReceivedName LIKE CONCAT('%', v_ReceivedName, '%')
  OR v_ReceivedName IS NULL)
  AND (c.CertificateType = v_CertType
  OR v_CertType IS NULL)
  AND (c1.ContactStatus = v_ContactStatus
  OR v_ContactStatus IS NULL)
  AND (c.CertificateStatus = v_CertStatus
  OR v_CertStatus IS NULL)
  AND c.IsDeleted = 0

  -- Default sort by CreatedDate
  ORDER BY c.CreatedDate DESC
  --  ORDER BY IF(v_SignDate = 0, c.SignedDate, NULL) ASC,
  --  IF(v_SignDate = 1, c.SignedDate, NULL) DESC,
  --  IF(v_SignDate NOT IN (0, 1), c.CreatedDate, NULL) ASC

  LIMIT v_PageSize
  OFFSET offset_page;

END
$$

--
-- Create procedure `proc_certificate_delete`
--
CREATE DEFINER = 'sql12604943'@'%'
PROCEDURE proc_certificate_delete (IN v_CertificateID char(36))
BEGIN
  UPDATE certificate c
  SET c.IsDeleted = 1
  WHERE c.CertificateID = v_CertificateID;
END
$$

--
-- Create procedure `proc_user_insert`
--
CREATE DEFINER = 'sql12604943'@'%'
PROCEDURE proc_user_insert (IN v_PolicyID varchar(255),
IN v_UserName varchar(255),
IN v_Logo varchar(255))
COMMENT 'Procedure thêm mới 1 nguoi dung'
BEGIN
  -- Lấy giá trị lớn nhất của user code
  DECLARE CODE mediumint;
  SELECT
    MAX(UserCode) INTO CODE
  FROM user;

  -- Nếu table xxx chưa có data sẽ mặc định CODE = 100000
  IF CODE IS NULL THEN
    SET CODE = 100000;
  ELSE
    SET CODE = CODE + 1;
  END IF;

  INSERT INTO user
    VALUES (v_PolicyID, CODE, v_UserName, v_Logo, NOW(), 0);
END
$$

--
-- Create procedure `proc_user_delete`
--
CREATE DEFINER = 'sql12604943'@'%'
PROCEDURE proc_user_delete (IN v_PolicyID varchar(255))
COMMENT 'Xóa 1 người dùng'
BEGIN
  UPDATE user u
  SET u.IsDeleted = 1
  WHERE u.PolicyID = v_PolicyID;
END
$$

--
-- Create procedure `proc_certificate_DeleteMultiple`
--
CREATE DEFINER = 'sql12604943'@'%'
PROCEDURE proc_certificate_DeleteMultiple (IN v_CertificateIDs text)
BEGIN
  SET @v_CertificateIDs = REPLACE(v_CertificateIDs, ',', ''',''');

  SET @Query = CONCAT('UPDATE certificate SET isDeleted = 1 WHERE CertificateID IN (''', @v_CertificateIDs, ''');');

  PREPARE deleteQueryStatement FROM @Query;
  EXECUTE deleteQueryStatement;

  DEALLOCATE PREPARE deleteQueryStatement;
END
$$

DELIMITER ;

-- 
-- Dumping data for table user
--
INSERT INTO user VALUES
('146d28b014f87920fa81c3b91007606d03ce0376c365befb5a3df1f7', 100000, 'University of Transport and Communications', 'UTC.jpg', '2023-03-14 07:39:46', 0),
('bf1f5570841b4ee812dc49e6111ba402813d19b3e1f8ec1e94ca9e25', 100002, 'Trinh Xuan Bach', 'student+Code.jpg', '2023-03-14 07:39:50', 0),
('bf1f5570841b4ee812dc49e6111ba402813d19b3e1f8ec1e94ca9e26', 100003, 'Le Duc An', 'student+Code.jpg', '2023-03-14 07:39:50', 0),
('bf1f5570841b4ee812dc49e6111ba402813d19b3e1f8ec1e94ca9e27', 100004, 'Le Duc Binh', 'student+Code.jpg', '2023-03-14 07:39:50', 0),
('bf1f5570841b4ee812dc49e6111ba402813d19b3e1f8ec1e94ca9e28', 100005, 'Nguyen Van A', 'student+Code.jpg', '2023-03-14 07:40:00', 0),
('bf1f5570841b4ee812dc49e6111ba402813d19b3e1f8ec1e94ca9e29', 100006, 'Nguyen Van B', 'student+Code.jpg', '2023-03-14 07:40:00', 0),
('bf1f5570841b4ee812dc49e6111ba402813d19b3e1f8ec1e94ca9e30', 100007, 'Nguyen Van C', 'student+Code.jpg', '2023-03-14 07:40:00', 0),
('bf1f5570841b4ee812dc49e6111ba402813d19b3e1f8ec1e94ca9e31', 100008, 'Nguyen Van D', 'student+Code.jpg', '2023-03-14 07:40:00', 0),
('bf1f5570841b4ee812dc49e6111ba402813d19b3e1f8ec1e94ca9e32', 100009, 'Nguyen Van E', 'student+Code.jpg', '2023-03-14 07:40:00', 0),
('bf1f5570841b4ee812dc49e6111ba402813d19b3e1f8ec1e94ca9e33', 100010, 'Nguyen Van F', 'student+Code.jpg', '2023-03-14 07:40:00', 0),
('bf1f5570841b4ee812dc49e6111ba402813d19b3e1f8ec1e94ca9e34', 100011, 'Nguyen Van G', 'student+Code.jpg', '2023-03-14 07:40:00', 0),
('bf1f5570841b4ee812dc49e6111ba402813d19b3e1f8ec1e94ca9e35', 100012, 'Nguyen Van H', 'student+Code.jpg', '2023-03-14 07:40:00', 0),
('bf1f5570841b4ee812dc49e6111ba402813d19b3e1f8ec1e94ca9e36', 100013, 'Nguyen Van I', 'student+Code.jpg', '2023-03-14 07:40:00', 0),
('d9312da562da182b02322fd8acb536f37eb9d29fba7c49dc17255527', 100001, 'Tran Huy Hiep', 'student+Code.jpg', '2023-03-14 07:39:50', 0);

-- 
-- Dumping data for table contact
--
INSERT INTO contact VALUES
('c518786c-c31a-11ed-ae9e-062bff1cb1bf', 100000, '146d28b014f87920fa81c3b91007606d03ce0376c365befb5a3df1f7', 'bf1f5570841b4ee812dc49e6111ba402813d19b3e1f8ec1e94ca9e28', 0, '2023-03-15 02:18:46', 0),
('c54ce6ca-c31a-11ed-ae9e-062bff1cb1bf', 100001, '146d28b014f87920fa81c3b91007606d03ce0376c365befb5a3df1f7', 'bf1f5570841b4ee812dc49e6111ba402813d19b3e1f8ec1e94ca9e29', 0, '2023-03-15 02:18:46', 0),
('c57545cb-c31a-11ed-ae9e-062bff1cb1bf', 100002, '146d28b014f87920fa81c3b91007606d03ce0376c365befb5a3df1f7', 'bf1f5570841b4ee812dc49e6111ba402813d19b3e1f8ec1e94ca9e30', 0, '2023-03-15 02:18:46', 0),
('c59e226e-c31a-11ed-ae9e-062bff1cb1bf', 100003, '146d28b014f87920fa81c3b91007606d03ce0376c365befb5a3df1f7', 'bf1f5570841b4ee812dc49e6111ba402813d19b3e1f8ec1e94ca9e31', 0, '2023-03-15 02:18:47', 0),
('c5c6f005-c31a-11ed-ae9e-062bff1cb1bf', 100004, '146d28b014f87920fa81c3b91007606d03ce0376c365befb5a3df1f7', 'bf1f5570841b4ee812dc49e6111ba402813d19b3e1f8ec1e94ca9e32', 0, '2023-03-15 02:18:47', 0),
('c5ef2c1a-c31a-11ed-ae9e-062bff1cb1bf', 100005, '146d28b014f87920fa81c3b91007606d03ce0376c365befb5a3df1f7', 'bf1f5570841b4ee812dc49e6111ba402813d19b3e1f8ec1e94ca9e33', 0, '2023-03-15 02:18:47', 0),
('c616e46b-c31a-11ed-ae9e-062bff1cb1bf', 100006, '146d28b014f87920fa81c3b91007606d03ce0376c365befb5a3df1f7', 'bf1f5570841b4ee812dc49e6111ba402813d19b3e1f8ec1e94ca9e34', 0, '2023-03-15 02:18:47', 0),
('c63ee8e8-c31a-11ed-ae9e-062bff1cb1bf', 100007, '146d28b014f87920fa81c3b91007606d03ce0376c365befb5a3df1f7', 'bf1f5570841b4ee812dc49e6111ba402813d19b3e1f8ec1e94ca9e35', 0, '2023-03-15 02:18:48', 0),
('c6672c2e-c31a-11ed-ae9e-062bff1cb1bf', 100008, '146d28b014f87920fa81c3b91007606d03ce0376c365befb5a3df1f7', 'bf1f5570841b4ee812dc49e6111ba402813d19b3e1f8ec1e94ca9e36', 0, '2023-03-15 02:18:48', 0);

-- 
-- Dumping data for table certificate
--
INSERT INTO certificate VALUES
('8a9ffb0c-c31b-11ed-ae9e-062bff1cb1bf', '146d28b014f87920fa81c3b91007606d03ce0376c365befb5a3df1f7', 'bf1f5570841b4ee812dc49e6111ba402813d19b3e1f8ec1e94ca9e28', 100009, 'Education Certificate', 'The Degree Of Engineer', 'addr_test1qq68a8hxmz6x295epvy5tluak0z3z9uxfk0yqsepnragz33ka2gm6amddyamqjt2agngj8s8vhzhf5hm6jsgmw5umvuqx9u8h1', 'Nguyen Van A', '2023-03-12', 2022, 'Good', 'Full-time', 'https://gateway.pinata.cloud/ipfs/QmXfb3RdBbkGB6gt7uB3nsDm1wv8gVZWKzppKq7vngzPsF', 0, '2023-03-15 02:24:17', 0, NULL, 0, NULL, 0),
('8acca491-c31b-11ed-ae9e-062bff1cb1bf', '146d28b014f87920fa81c3b91007606d03ce0376c365befb5a3df1f7', 'bf1f5570841b4ee812dc49e6111ba402813d19b3e1f8ec1e94ca9e29', 100010, 'Education Certificate', 'The Degree Of Engineer', 'addr_test1qq68a8hxmz6x295epvy5tluak0z3z9uxfk0yqsepnragz33ka2gm6amddyamqjt2agngj8s8vhzhf5hm6jsgmw5umvuqx9u8h2', 'Nguyen Van B', '2023-03-12', 2022, 'Good', 'Full-time', 'https://gateway.pinata.cloud/ipfs/QmQ7KhJFiZf7hxNdj6PDuHSWpuCDA7k75upMAd791hD2tP', 0, '2023-03-15 02:24:17', 0, NULL, 0, NULL, 0),
('8af17fec-c31b-11ed-ae9e-062bff1cb1bf', '146d28b014f87920fa81c3b91007606d03ce0376c365befb5a3df1f7', 'bf1f5570841b4ee812dc49e6111ba402813d19b3e1f8ec1e94ca9e30', 100011, 'Education Certificate', 'The Degree Of Engineer', 'addr_test1qq68a8hxmz6x295epvy5tluak0z3z9uxfk0yqsepnragz33ka2gm6amddyamqjt2agngj8s8vhzhf5hm6jsgmw5umvuqx9u8h3', 'Nguyen Van C', '2023-03-12', 2022, 'Good', 'Full-time', 'https://gateway.pinata.cloud/ipfs/QmdRBXoWcYQ63WMEReGsmN5jhfg6sp2jJ5Dsni1tiBR5q1', 0, '2023-03-15 02:24:18', 0, NULL, 0, NULL, 0),
('8b16d202-c31b-11ed-ae9e-062bff1cb1bf', '146d28b014f87920fa81c3b91007606d03ce0376c365befb5a3df1f7', 'bf1f5570841b4ee812dc49e6111ba402813d19b3e1f8ec1e94ca9e31', 100012, 'Education Certificate', 'The Degree Of Engineer', 'addr_test1qq68a8hxmz6x295epvy5tluak0z3z9uxfk0yqsepnragz33ka2gm6amddyamqjt2agngj8s8vhzhf5hm6jsgmw5umvuqx9u8h4', 'Nguyen Van D', '2023-03-12', 2022, 'Good', 'Full-time', 'https://gateway.pinata.cloud/ipfs/QmdgycfsXF68FjY2xbVHHfgarEVs1biS13L48KYHqCABQj', 0, '2023-03-15 02:24:18', 0, NULL, 0, NULL, 0),
('8b3bfc29-c31b-11ed-ae9e-062bff1cb1bf', '146d28b014f87920fa81c3b91007606d03ce0376c365befb5a3df1f7', 'bf1f5570841b4ee812dc49e6111ba402813d19b3e1f8ec1e94ca9e32', 100013, 'Education Certificate', 'The Degree Of Bachelor', 'addr_test1qq68a8hxmz6x295epvy5tluak0z3z9uxfk0yqsepnragz33ka2gm6amddyamqjt2agngj8s8vhzhf5hm6jsgmw5umvuqx9u8h5', 'Nguyen Van E', '2023-03-12', 2022, 'Good', 'Full-time', 'https://gateway.pinata.cloud/ipfs/QmUTaqKTFLV5ACkhkpV33osXCrb4hLMkuLd9v3jM5pbcpU', 0, '2023-03-15 02:24:18', 0, NULL, 0, NULL, 0),
('8b610414-c31b-11ed-ae9e-062bff1cb1bf', '146d28b014f87920fa81c3b91007606d03ce0376c365befb5a3df1f7', 'bf1f5570841b4ee812dc49e6111ba402813d19b3e1f8ec1e94ca9e33', 100014, 'Education Certificate', 'The Degree Of Bachelor', 'addr_test1qq68a8hxmz6x295epvy5tluak0z3z9uxfk0yqsepnragz33ka2gm6amddyamqjt2agngj8s8vhzhf5hm6jsgmw5umvuqx9u8h6', 'Nguyen Van F', '2023-03-12', 2022, 'Excellent', 'Full-time', 'https://gateway.pinata.cloud/ipfs/QmYWQCxPfV7vmHi8B7BAaXVfXDUQxetwumPC3Hk5DCtEjU', 0, '2023-03-15 02:24:18', 0, NULL, 0, NULL, 0),
('8b866d53-c31b-11ed-ae9e-062bff1cb1bf', '146d28b014f87920fa81c3b91007606d03ce0376c365befb5a3df1f7', 'bf1f5570841b4ee812dc49e6111ba402813d19b3e1f8ec1e94ca9e34', 100015, 'Education Certificate', 'The Degree Of Bachelor', 'addr_test1qq68a8hxmz6x295epvy5tluak0z3z9uxfk0yqsepnragz33ka2gm6amddyamqjt2agngj8s8vhzhf5hm6jsgmw5umvuqx9u8h7', 'Nguyen Van G', '2023-03-12', 2022, 'Excellent', 'Full-time', 'https://gateway.pinata.cloud/ipfs/QmecZE1xRcNWNA5Q4Conf3Lzoc9BA5U2SZLM89dJXc5JPS', 0, '2023-03-15 02:24:19', 0, NULL, 0, NULL, 0),
('8bab83b9-c31b-11ed-ae9e-062bff1cb1bf', '146d28b014f87920fa81c3b91007606d03ce0376c365befb5a3df1f7', 'bf1f5570841b4ee812dc49e6111ba402813d19b3e1f8ec1e94ca9e35', 100016, 'Education Certificate', 'The Degree Of Bachelor', 'addr_test1qq68a8hxmz6x295epvy5tluak0z3z9uxfk0yqsepnragz33ka2gm6amddyamqjt2agngj8s8vhzhf5hm6jsgmw5umvuqx9u8h8', 'Nguyen Van H', '2023-03-12', 2022, 'Excellent', 'Part-time', 'https://gateway.pinata.cloud/ipfs/QmVqjt6yCBzesi9xoHpGxXUFneQk92odGwhsDbP8XmSXsM', 0, '2023-03-15 02:24:19', 0, NULL, 0, NULL, 0),
('8bd0ad34-c31b-11ed-ae9e-062bff1cb1bf', '146d28b014f87920fa81c3b91007606d03ce0376c365befb5a3df1f7', 'bf1f5570841b4ee812dc49e6111ba402813d19b3e1f8ec1e94ca9e36', 100017, 'Education Certificate', 'The Degree Of Bachelor', 'addr_test1qq68a8hxmz6x295epvy5tluak0z3z9uxfk0yqsepnragz33ka2gm6amddyamqjt2agngj8s8vhzhf5hm6jsgmw5umvuqx9u8h9', 'Nguyen Van I', '2023-03-12', 2022, 'Excellent', 'Part-time', 'https://gateway.pinata.cloud/ipfs/QmbgLFVbadnRamHAdyEauqKA8cKRPjTJfedAtWSZP12i7D', 0, '2023-03-15 02:24:19', 0, NULL, 0, NULL, 0),
('a882f855-c31b-11ed-ae9e-062bff1cb1bf', '146d28b014f87920fa81c3b91007606d03ce0376c365befb5a3df1f7', 'bf1f5570841b4ee812dc49e6111ba402813d19b3e1f8ec1e94ca9e28', 100018, 'Education Certificate', 'The Degree Of Engineer', 'addr_test1qq68a8hxmz6x295epvy5tluak0z3z9uxfk0yqsepnragz33ka2gm6amddyamqjt2agngj8s8vhzhf5hm6jsgmw5umvuqx9u8h1', 'Nguyen Van A', '2023-03-12', 2022, 'Good', 'Full-time', 'https://gateway.pinata.cloud/ipfs/QmfVygtX42Drr5k3WgAFVeTTXjvASaeQrTxTUxJ126Jr17', 0, '2023-03-15 02:25:07', 0, NULL, 0, NULL, 0),
('a8a863e8-c31b-11ed-ae9e-062bff1cb1bf', '146d28b014f87920fa81c3b91007606d03ce0376c365befb5a3df1f7', 'bf1f5570841b4ee812dc49e6111ba402813d19b3e1f8ec1e94ca9e29', 100019, 'Education Certificate', 'The Degree Of Engineer', 'addr_test1qq68a8hxmz6x295epvy5tluak0z3z9uxfk0yqsepnragz33ka2gm6amddyamqjt2agngj8s8vhzhf5hm6jsgmw5umvuqx9u8h2', 'Nguyen Van B', '2023-03-12', 2022, 'Good', 'Full-time', 'https://gateway.pinata.cloud/ipfs/QmXfnEtTiUNYjRV3U9no8YM2jNpFPSfHS2ivu2ou7uGM41', 0, '2023-03-15 02:25:07', 0, NULL, 0, NULL, 0),
('a8cdb967-c31b-11ed-ae9e-062bff1cb1bf', '146d28b014f87920fa81c3b91007606d03ce0376c365befb5a3df1f7', 'bf1f5570841b4ee812dc49e6111ba402813d19b3e1f8ec1e94ca9e30', 100020, 'Education Certificate', 'The Degree Of Engineer', 'addr_test1qq68a8hxmz6x295epvy5tluak0z3z9uxfk0yqsepnragz33ka2gm6amddyamqjt2agngj8s8vhzhf5hm6jsgmw5umvuqx9u8h3', 'Nguyen Van C', '2023-03-12', 2022, 'Good', 'Full-time', 'https://gateway.pinata.cloud/ipfs/QmTWCEbYrbRQFfpX2CWjNTDjxfXG5qkyJALJJ8xCKzgJpv', 0, '2023-03-15 02:25:08', 0, NULL, 0, NULL, 0),
('a8f2bac8-c31b-11ed-ae9e-062bff1cb1bf', '146d28b014f87920fa81c3b91007606d03ce0376c365befb5a3df1f7', 'bf1f5570841b4ee812dc49e6111ba402813d19b3e1f8ec1e94ca9e31', 100021, 'Education Certificate', 'The Degree Of Engineer', 'addr_test1qq68a8hxmz6x295epvy5tluak0z3z9uxfk0yqsepnragz33ka2gm6amddyamqjt2agngj8s8vhzhf5hm6jsgmw5umvuqx9u8h4', 'Nguyen Van D', '2023-03-12', 2022, 'Good', 'Full-time', 'https://gateway.pinata.cloud/ipfs/QmYpmu2eKVRn1WJfw5nZ2GVzLuHk5TWEjatw69dyzQ6o92', 0, '2023-03-15 02:25:08', 0, NULL, 0, NULL, 0),
('a917e5de-c31b-11ed-ae9e-062bff1cb1bf', '146d28b014f87920fa81c3b91007606d03ce0376c365befb5a3df1f7', 'bf1f5570841b4ee812dc49e6111ba402813d19b3e1f8ec1e94ca9e32', 100022, 'Education Certificate', 'The Degree Of Bachelor', 'addr_test1qq68a8hxmz6x295epvy5tluak0z3z9uxfk0yqsepnragz33ka2gm6amddyamqjt2agngj8s8vhzhf5hm6jsgmw5umvuqx9u8h5', 'Nguyen Van E', '2023-03-12', 2022, 'Good', 'Full-time', 'https://gateway.pinata.cloud/ipfs/QmXmegDPKPEuUnRn6X8q2H8WLpmrS2L3swQdiS6WN69DYC', 0, '2023-03-15 02:25:08', 0, NULL, 0, NULL, 0),
('a93d165f-c31b-11ed-ae9e-062bff1cb1bf', '146d28b014f87920fa81c3b91007606d03ce0376c365befb5a3df1f7', 'bf1f5570841b4ee812dc49e6111ba402813d19b3e1f8ec1e94ca9e33', 100023, 'Education Certificate', 'The Degree Of Bachelor', 'addr_test1qq68a8hxmz6x295epvy5tluak0z3z9uxfk0yqsepnragz33ka2gm6amddyamqjt2agngj8s8vhzhf5hm6jsgmw5umvuqx9u8h6', 'Nguyen Van F', '2023-03-12', 2022, 'Excellent', 'Full-time', 'https://gateway.pinata.cloud/ipfs/QmcF3NVqyr888oqBACAQHzE4diUCjutMVgwP37Qvca76hi', 0, '2023-03-15 02:25:08', 0, NULL, 0, NULL, 0),
('a962b297-c31b-11ed-ae9e-062bff1cb1bf', '146d28b014f87920fa81c3b91007606d03ce0376c365befb5a3df1f7', 'bf1f5570841b4ee812dc49e6111ba402813d19b3e1f8ec1e94ca9e34', 100024, 'Education Certificate', 'The Degree Of Bachelor', 'addr_test1qq68a8hxmz6x295epvy5tluak0z3z9uxfk0yqsepnragz33ka2gm6amddyamqjt2agngj8s8vhzhf5hm6jsgmw5umvuqx9u8h7', 'Nguyen Van G', '2023-03-12', 2022, 'Excellent', 'Full-time', 'https://gateway.pinata.cloud/ipfs/QmXx3iwLJZ9QhKapVAUNaYHyQM9wzVBughD95RoaQhQLWV', 0, '2023-03-15 02:25:09', 0, NULL, 0, NULL, 0),
('a987de0c-c31b-11ed-ae9e-062bff1cb1bf', '146d28b014f87920fa81c3b91007606d03ce0376c365befb5a3df1f7', 'bf1f5570841b4ee812dc49e6111ba402813d19b3e1f8ec1e94ca9e35', 100025, 'Education Certificate', 'The Degree Of Bachelor', 'addr_test1qq68a8hxmz6x295epvy5tluak0z3z9uxfk0yqsepnragz33ka2gm6amddyamqjt2agngj8s8vhzhf5hm6jsgmw5umvuqx9u8h8', 'Nguyen Van H', '2023-03-12', 2022, 'Excellent', 'Part-time', 'https://gateway.pinata.cloud/ipfs/QmVyjve8rQckWhpWyKLj2SA1wfYTqP35u6qxjdYfoHymN1', 0, '2023-03-15 02:25:09', 0, NULL, 0, NULL, 0),
('a9ace662-c31b-11ed-ae9e-062bff1cb1bf', '146d28b014f87920fa81c3b91007606d03ce0376c365befb5a3df1f7', 'bf1f5570841b4ee812dc49e6111ba402813d19b3e1f8ec1e94ca9e36', 100026, 'Education Certificate', 'The Degree Of Bachelor', 'addr_test1qq68a8hxmz6x295epvy5tluak0z3z9uxfk0yqsepnragz33ka2gm6amddyamqjt2agngj8s8vhzhf5hm6jsgmw5umvuqx9u8h9', 'Nguyen Van I', '2023-03-12', 2022, 'Excellent', 'Part-time', 'https://gateway.pinata.cloud/ipfs/QmPDJ7wLUd9sLqrFATtMKe9BUgu4edn4jPKyQky11soBPh', 0, '2023-03-15 02:25:09', 0, NULL, 0, NULL, 0),
('c517dde3-c31a-11ed-ae9e-062bff1cb1bf', '146d28b014f87920fa81c3b91007606d03ce0376c365befb5a3df1f7', 'bf1f5570841b4ee812dc49e6111ba402813d19b3e1f8ec1e94ca9e28', 100000, 'Education Certificate', 'The Degree Of Engineer', 'addr_test1qq68a8hxmz6x295epvy5tluak0z3z9uxfk0yqsepnragz33ka2gm6amddyamqjt2agngj8s8vhzhf5hm6jsgmw5umvuqx9u8h1', 'Nguyen Van A', '2023-03-12', 2022, 'Good', 'Full-time', 'https://gateway.pinata.cloud/ipfs/QmeDomTar8FqqqHLk1DzRHQwkHhrBTsQHPB7GkLj4PYXJr', 0, '2023-03-15 02:18:46', 0, NULL, 0, NULL, 0),
('c53379cf-c31b-11ed-ae9e-062bff1cb1bf', '146d28b014f87920fa81c3b91007606d03ce0376c365befb5a3df1f7', 'bf1f5570841b4ee812dc49e6111ba402813d19b3e1f8ec1e94ca9e28', 100027, 'Education Certificate', 'The Degree Of Engineer', 'addr_test1qq68a8hxmz6x295epvy5tluak0z3z9uxfk0yqsepnragz33ka2gm6amddyamqjt2agngj8s8vhzhf5hm6jsgmw5umvuqx9u8h1', 'Nguyen Van A', '2023-03-12', 2022, 'Good', 'Full-time', 'https://gateway.pinata.cloud/ipfs/QmUxF7LDc8apYQaHaWB3QW82i7tR2Prhxd4npsHTMaFUgH', 0, '2023-03-15 02:25:55', 0, NULL, 0, NULL, 0),
('c54c7fd0-c31a-11ed-ae9e-062bff1cb1bf', '146d28b014f87920fa81c3b91007606d03ce0376c365befb5a3df1f7', 'bf1f5570841b4ee812dc49e6111ba402813d19b3e1f8ec1e94ca9e29', 100001, 'Education Certificate', 'The Degree Of Engineer', 'addr_test1qq68a8hxmz6x295epvy5tluak0z3z9uxfk0yqsepnragz33ka2gm6amddyamqjt2agngj8s8vhzhf5hm6jsgmw5umvuqx9u8h2', 'Nguyen Van B', '2023-03-12', 2022, 'Good', 'Full-time', 'https://gateway.pinata.cloud/ipfs/QmdkwNzfGmBDxofkyDJV34hayA3AnzY5BpTg5gn2TVVBLx', 0, '2023-03-15 02:18:46', 0, NULL, 0, NULL, 0),
('c558a329-c31b-11ed-ae9e-062bff1cb1bf', '146d28b014f87920fa81c3b91007606d03ce0376c365befb5a3df1f7', 'bf1f5570841b4ee812dc49e6111ba402813d19b3e1f8ec1e94ca9e29', 100028, 'Education Certificate', 'The Degree Of Engineer', 'addr_test1qq68a8hxmz6x295epvy5tluak0z3z9uxfk0yqsepnragz33ka2gm6amddyamqjt2agngj8s8vhzhf5hm6jsgmw5umvuqx9u8h2', 'Nguyen Van B', '2023-03-12', 2022, 'Good', 'Full-time', 'https://gateway.pinata.cloud/ipfs/QmWX9fGFD5HYoSwG2m4i7tti9ikQFiaK5XSLeYGCqjpsPQ', 0, '2023-03-15 02:25:56', 0, NULL, 0, NULL, 0),
('c574e7d4-c31a-11ed-ae9e-062bff1cb1bf', '146d28b014f87920fa81c3b91007606d03ce0376c365befb5a3df1f7', 'bf1f5570841b4ee812dc49e6111ba402813d19b3e1f8ec1e94ca9e30', 100002, 'Education Certificate', 'The Degree Of Engineer', 'addr_test1qq68a8hxmz6x295epvy5tluak0z3z9uxfk0yqsepnragz33ka2gm6amddyamqjt2agngj8s8vhzhf5hm6jsgmw5umvuqx9u8h3', 'Nguyen Van C', '2023-03-12', 2022, 'Good', 'Full-time', 'https://gateway.pinata.cloud/ipfs/QmStrqFpMxd4WpiMvE75tU5djcDofWrpRB3UNgKpGc697c', 0, '2023-03-15 02:18:46', 0, NULL, 0, NULL, 0),
('c57df709-c31b-11ed-ae9e-062bff1cb1bf', '146d28b014f87920fa81c3b91007606d03ce0376c365befb5a3df1f7', 'bf1f5570841b4ee812dc49e6111ba402813d19b3e1f8ec1e94ca9e30', 100029, 'Education Certificate', 'The Degree Of Engineer', 'addr_test1qq68a8hxmz6x295epvy5tluak0z3z9uxfk0yqsepnragz33ka2gm6amddyamqjt2agngj8s8vhzhf5hm6jsgmw5umvuqx9u8h3', 'Nguyen Van C', '2023-03-12', 2022, 'Good', 'Full-time', 'https://gateway.pinata.cloud/ipfs/QmVKYypwF78Z2zDqT3agVQZ4PJR3XTz4svEhjnyFfhpUQE', 0, '2023-03-15 02:25:56', 0, NULL, 0, NULL, 0),
('c59dbbee-c31a-11ed-ae9e-062bff1cb1bf', '146d28b014f87920fa81c3b91007606d03ce0376c365befb5a3df1f7', 'bf1f5570841b4ee812dc49e6111ba402813d19b3e1f8ec1e94ca9e31', 100003, 'Education Certificate', 'The Degree Of Engineer', 'addr_test1qq68a8hxmz6x295epvy5tluak0z3z9uxfk0yqsepnragz33ka2gm6amddyamqjt2agngj8s8vhzhf5hm6jsgmw5umvuqx9u8h4', 'Nguyen Van D', '2023-03-12', 2022, 'Good', 'Full-time', 'https://gateway.pinata.cloud/ipfs/QmdiYxiCFiC34EyMoqkpoKkeT54P9h6wJKwUae7J56fCVN', 0, '2023-03-15 02:18:47', 0, NULL, 0, NULL, 0),
('c5a40dfa-c31b-11ed-ae9e-062bff1cb1bf', '146d28b014f87920fa81c3b91007606d03ce0376c365befb5a3df1f7', 'bf1f5570841b4ee812dc49e6111ba402813d19b3e1f8ec1e94ca9e31', 100030, 'Education Certificate', 'The Degree Of Engineer', 'addr_test1qq68a8hxmz6x295epvy5tluak0z3z9uxfk0yqsepnragz33ka2gm6amddyamqjt2agngj8s8vhzhf5hm6jsgmw5umvuqx9u8h4', 'Nguyen Van D', '2023-03-12', 2022, 'Good', 'Full-time', 'https://gateway.pinata.cloud/ipfs/QmS9LHX55xCkBJMTzVp9NicbtXLHnemRK5yvQsXjmHh9Tj', 0, '2023-03-15 02:25:56', 0, NULL, 0, NULL, 0),
('c5c6905e-c31a-11ed-ae9e-062bff1cb1bf', '146d28b014f87920fa81c3b91007606d03ce0376c365befb5a3df1f7', 'bf1f5570841b4ee812dc49e6111ba402813d19b3e1f8ec1e94ca9e32', 100004, 'Education Certificate', 'The Degree Of Bachelor', 'addr_test1qq68a8hxmz6x295epvy5tluak0z3z9uxfk0yqsepnragz33ka2gm6amddyamqjt2agngj8s8vhzhf5hm6jsgmw5umvuqx9u8h5', 'Nguyen Van E', '2023-03-12', 2022, 'Good', 'Full-time', 'https://gateway.pinata.cloud/ipfs/QmSB4vwxzkdV7vMhRSe95UYRx5MY2MrinroXRUVLHDVz35', 0, '2023-03-15 02:18:47', 0, NULL, 0, NULL, 0),
('c5c95de7-c31b-11ed-ae9e-062bff1cb1bf', '146d28b014f87920fa81c3b91007606d03ce0376c365befb5a3df1f7', 'bf1f5570841b4ee812dc49e6111ba402813d19b3e1f8ec1e94ca9e32', 100031, 'Education Certificate', 'The Degree Of Bachelor', 'addr_test1qq68a8hxmz6x295epvy5tluak0z3z9uxfk0yqsepnragz33ka2gm6amddyamqjt2agngj8s8vhzhf5hm6jsgmw5umvuqx9u8h5', 'Nguyen Van E', '2023-03-12', 2022, 'Good', 'Full-time', 'https://gateway.pinata.cloud/ipfs/QmPVzPQuN42Lkxv1pvUiW6uBVtRb6XnqvYfs8GGKMkbzWC', 0, '2023-03-15 02:25:56', 0, NULL, 0, NULL, 0),
('c5ee645d-c31b-11ed-ae9e-062bff1cb1bf', '146d28b014f87920fa81c3b91007606d03ce0376c365befb5a3df1f7', 'bf1f5570841b4ee812dc49e6111ba402813d19b3e1f8ec1e94ca9e33', 100032, 'Education Certificate', 'The Degree Of Bachelor', 'addr_test1qq68a8hxmz6x295epvy5tluak0z3z9uxfk0yqsepnragz33ka2gm6amddyamqjt2agngj8s8vhzhf5hm6jsgmw5umvuqx9u8h6', 'Nguyen Van F', '2023-03-12', 2022, 'Excellent', 'Full-time', 'https://gateway.pinata.cloud/ipfs/QmfXp9hmbHfw3j6i5VHAJ7xZYadgMNfQsqC85ccMdSUVWy', 0, '2023-03-15 02:25:57', 0, NULL, 0, NULL, 0),
('c5eecef5-c31a-11ed-ae9e-062bff1cb1bf', '146d28b014f87920fa81c3b91007606d03ce0376c365befb5a3df1f7', 'bf1f5570841b4ee812dc49e6111ba402813d19b3e1f8ec1e94ca9e33', 100005, 'Education Certificate', 'The Degree Of Bachelor', 'addr_test1qq68a8hxmz6x295epvy5tluak0z3z9uxfk0yqsepnragz33ka2gm6amddyamqjt2agngj8s8vhzhf5hm6jsgmw5umvuqx9u8h6', 'Nguyen Van F', '2023-03-12', 2022, 'Excellent', 'Full-time', 'https://gateway.pinata.cloud/ipfs/QmfULUeN5LRx5L8N2AYKaY5gnGqaKGcWPqZy6WLXNYiLc3', 0, '2023-03-15 02:18:47', 0, NULL, 0, NULL, 0),
('c61390df-c31b-11ed-ae9e-062bff1cb1bf', '146d28b014f87920fa81c3b91007606d03ce0376c365befb5a3df1f7', 'bf1f5570841b4ee812dc49e6111ba402813d19b3e1f8ec1e94ca9e34', 100033, 'Education Certificate', 'The Degree Of Bachelor', 'addr_test1qq68a8hxmz6x295epvy5tluak0z3z9uxfk0yqsepnragz33ka2gm6amddyamqjt2agngj8s8vhzhf5hm6jsgmw5umvuqx9u8h7', 'Nguyen Van G', '2023-03-12', 2022, 'Excellent', 'Full-time', 'https://gateway.pinata.cloud/ipfs/QmPvB9pUQjDd3imi7tfCYNDA7x2CuwqE5qfcqkv8rQ8kXN', 0, '2023-03-15 02:25:57', 0, NULL, 0, NULL, 0),
('c616927c-c31a-11ed-ae9e-062bff1cb1bf', '146d28b014f87920fa81c3b91007606d03ce0376c365befb5a3df1f7', 'bf1f5570841b4ee812dc49e6111ba402813d19b3e1f8ec1e94ca9e34', 100006, 'Education Certificate', 'The Degree Of Bachelor', 'addr_test1qq68a8hxmz6x295epvy5tluak0z3z9uxfk0yqsepnragz33ka2gm6amddyamqjt2agngj8s8vhzhf5hm6jsgmw5umvuqx9u8h7', 'Nguyen Van G', '2023-03-12', 2022, 'Excellent', 'Full-time', 'https://gateway.pinata.cloud/ipfs/QmVjFaTvhz5b1ffZjDQqzqtJEya47Pe1PhHtjCv7ZEZPe4', 0, '2023-03-15 02:18:47', 0, NULL, 0, NULL, 0),
('c63e7f88-c31a-11ed-ae9e-062bff1cb1bf', '146d28b014f87920fa81c3b91007606d03ce0376c365befb5a3df1f7', 'bf1f5570841b4ee812dc49e6111ba402813d19b3e1f8ec1e94ca9e35', 100007, 'Education Certificate', 'The Degree Of Bachelor', 'addr_test1qq68a8hxmz6x295epvy5tluak0z3z9uxfk0yqsepnragz33ka2gm6amddyamqjt2agngj8s8vhzhf5hm6jsgmw5umvuqx9u8h8', 'Nguyen Van H', '2023-03-12', 2022, 'Excellent', 'Part-time', 'https://gateway.pinata.cloud/ipfs/QmVWdkyCVpvgCMcT3wzNPJJqPMrLehv6TUQjDefiQnJNFq', 0, '2023-03-15 02:18:48', 0, NULL, 0, NULL, 0),
('c63f51ea-c31b-11ed-ae9e-062bff1cb1bf', '146d28b014f87920fa81c3b91007606d03ce0376c365befb5a3df1f7', 'bf1f5570841b4ee812dc49e6111ba402813d19b3e1f8ec1e94ca9e35', 100034, 'Education Certificate', 'The Degree Of Bachelor', 'addr_test1qq68a8hxmz6x295epvy5tluak0z3z9uxfk0yqsepnragz33ka2gm6amddyamqjt2agngj8s8vhzhf5hm6jsgmw5umvuqx9u8h8', 'Nguyen Van H', '2023-03-12', 2022, 'Excellent', 'Part-time', 'https://gateway.pinata.cloud/ipfs/QmX6LbueV2DZN7N6uWwhrQFKeRYaaXTSuLGbEZgRHr6wMs', 0, '2023-03-15 02:25:57', 0, NULL, 0, NULL, 0),
('c664a1fb-c31b-11ed-ae9e-062bff1cb1bf', '146d28b014f87920fa81c3b91007606d03ce0376c365befb5a3df1f7', 'bf1f5570841b4ee812dc49e6111ba402813d19b3e1f8ec1e94ca9e36', 100035, 'Education Certificate', 'The Degree Of Bachelor', 'addr_test1qq68a8hxmz6x295epvy5tluak0z3z9uxfk0yqsepnragz33ka2gm6amddyamqjt2agngj8s8vhzhf5hm6jsgmw5umvuqx9u8h9', 'Nguyen Van I', '2023-03-12', 2022, 'Excellent', 'Part-time', 'https://gateway.pinata.cloud/ipfs/QmWMAb8MDPu8tq3kEUhH8SMDR1tvkzRjia9DfoGtfdWjjS', 0, '2023-03-15 02:25:57', 0, NULL, 0, NULL, 0),
('c666b951-c31a-11ed-ae9e-062bff1cb1bf', '146d28b014f87920fa81c3b91007606d03ce0376c365befb5a3df1f7', 'bf1f5570841b4ee812dc49e6111ba402813d19b3e1f8ec1e94ca9e36', 100008, 'Education Certificate', 'The Degree Of Bachelor', 'addr_test1qq68a8hxmz6x295epvy5tluak0z3z9uxfk0yqsepnragz33ka2gm6amddyamqjt2agngj8s8vhzhf5hm6jsgmw5umvuqx9u8h9', 'Nguyen Van I', '2023-03-12', 2022, 'Excellent', 'Part-time', 'https://gateway.pinata.cloud/ipfs/QmXygrW4XswPyYakcKYTVVBkKibpwAphuPrkkxKmqcgfCm', 0, '2023-03-15 02:18:48', 0, NULL, 0, NULL, 0),
('d5ae35a7-c31b-11ed-ae9e-062bff1cb1bf', '146d28b014f87920fa81c3b91007606d03ce0376c365befb5a3df1f7', 'bf1f5570841b4ee812dc49e6111ba402813d19b3e1f8ec1e94ca9e28', 100036, 'Education Certificate', 'The Degree Of Engineer', 'addr_test1qq68a8hxmz6x295epvy5tluak0z3z9uxfk0yqsepnragz33ka2gm6amddyamqjt2agngj8s8vhzhf5hm6jsgmw5umvuqx9u8h1', 'Nguyen Van A', '2023-03-12', 2022, 'Good', 'Full-time', 'https://gateway.pinata.cloud/ipfs/QmX1rb2XVMdF2cFQTUBoWRV6mm6J5dNkvQMjP8xSgvVWtL', 0, '2023-03-15 02:26:23', 0, NULL, 0, NULL, 0),
('d5d33ccf-c31b-11ed-ae9e-062bff1cb1bf', '146d28b014f87920fa81c3b91007606d03ce0376c365befb5a3df1f7', 'bf1f5570841b4ee812dc49e6111ba402813d19b3e1f8ec1e94ca9e29', 100037, 'Education Certificate', 'The Degree Of Engineer', 'addr_test1qq68a8hxmz6x295epvy5tluak0z3z9uxfk0yqsepnragz33ka2gm6amddyamqjt2agngj8s8vhzhf5hm6jsgmw5umvuqx9u8h2', 'Nguyen Van B', '2023-03-12', 2022, 'Good', 'Full-time', 'https://gateway.pinata.cloud/ipfs/QmVfugYuJ4EeXPy5QRDH7pLDM51pmaNvjCtn86SFQ5cUEq', 0, '2023-03-15 02:26:23', 0, NULL, 0, NULL, 0),
('d5f83c65-c31b-11ed-ae9e-062bff1cb1bf', '146d28b014f87920fa81c3b91007606d03ce0376c365befb5a3df1f7', 'bf1f5570841b4ee812dc49e6111ba402813d19b3e1f8ec1e94ca9e30', 100038, 'Education Certificate', 'The Degree Of Engineer', 'addr_test1qq68a8hxmz6x295epvy5tluak0z3z9uxfk0yqsepnragz33ka2gm6amddyamqjt2agngj8s8vhzhf5hm6jsgmw5umvuqx9u8h3', 'Nguyen Van C', '2023-03-12', 2022, 'Good', 'Full-time', 'https://gateway.pinata.cloud/ipfs/QmUjrJR4cNqBtn1Z7e3fFd8U4KbB464GQqsqstZMH7eRzD', 0, '2023-03-15 02:26:23', 0, NULL, 0, NULL, 0),
('d61ccea2-c31b-11ed-ae9e-062bff1cb1bf', '146d28b014f87920fa81c3b91007606d03ce0376c365befb5a3df1f7', 'bf1f5570841b4ee812dc49e6111ba402813d19b3e1f8ec1e94ca9e31', 100039, 'Education Certificate', 'The Degree Of Engineer', 'addr_test1qq68a8hxmz6x295epvy5tluak0z3z9uxfk0yqsepnragz33ka2gm6amddyamqjt2agngj8s8vhzhf5hm6jsgmw5umvuqx9u8h4', 'Nguyen Van D', '2023-03-12', 2022, 'Good', 'Full-time', 'https://gateway.pinata.cloud/ipfs/QmcwdS1ZCHdTEmVxBgn1TpYCY2cBPngjBLQbgWcuBp5LXd', 0, '2023-03-15 02:26:24', 0, NULL, 0, NULL, 0),
('d6421fca-c31b-11ed-ae9e-062bff1cb1bf', '146d28b014f87920fa81c3b91007606d03ce0376c365befb5a3df1f7', 'bf1f5570841b4ee812dc49e6111ba402813d19b3e1f8ec1e94ca9e32', 100040, 'Education Certificate', 'The Degree Of Bachelor', 'addr_test1qq68a8hxmz6x295epvy5tluak0z3z9uxfk0yqsepnragz33ka2gm6amddyamqjt2agngj8s8vhzhf5hm6jsgmw5umvuqx9u8h5', 'Nguyen Van E', '2023-03-12', 2022, 'Good', 'Full-time', 'https://gateway.pinata.cloud/ipfs/QmYZ9DGbtGs8ZPBosZyNPnvX3KwbL3GGBQwWnGBWZMam9w', 0, '2023-03-15 02:26:24', 0, NULL, 0, NULL, 0),
('d666fca5-c31b-11ed-ae9e-062bff1cb1bf', '146d28b014f87920fa81c3b91007606d03ce0376c365befb5a3df1f7', 'bf1f5570841b4ee812dc49e6111ba402813d19b3e1f8ec1e94ca9e33', 100041, 'Education Certificate', 'The Degree Of Bachelor', 'addr_test1qq68a8hxmz6x295epvy5tluak0z3z9uxfk0yqsepnragz33ka2gm6amddyamqjt2agngj8s8vhzhf5hm6jsgmw5umvuqx9u8h6', 'Nguyen Van F', '2023-03-12', 2022, 'Excellent', 'Full-time', 'https://gateway.pinata.cloud/ipfs/QmTsULr5EDPVwrtTFTTQbkpD2teRAahJGmMWHi1wjoQHy7', 0, '2023-03-15 02:26:24', 0, NULL, 0, NULL, 0),
('d68bdbbd-c31b-11ed-ae9e-062bff1cb1bf', '146d28b014f87920fa81c3b91007606d03ce0376c365befb5a3df1f7', 'bf1f5570841b4ee812dc49e6111ba402813d19b3e1f8ec1e94ca9e34', 100042, 'Education Certificate', 'The Degree Of Bachelor', 'addr_test1qq68a8hxmz6x295epvy5tluak0z3z9uxfk0yqsepnragz33ka2gm6amddyamqjt2agngj8s8vhzhf5hm6jsgmw5umvuqx9u8h7', 'Nguyen Van G', '2023-03-12', 2022, 'Excellent', 'Full-time', 'https://gateway.pinata.cloud/ipfs/QmaDdGkyh7XF72meMM1xEbHafmJBGGZQfA291hgBFy8aD9', 0, '2023-03-15 02:26:24', 0, NULL, 0, NULL, 0),
('d6b12f2d-c31b-11ed-ae9e-062bff1cb1bf', '146d28b014f87920fa81c3b91007606d03ce0376c365befb5a3df1f7', 'bf1f5570841b4ee812dc49e6111ba402813d19b3e1f8ec1e94ca9e35', 100043, 'Education Certificate', 'The Degree Of Bachelor', 'addr_test1qq68a8hxmz6x295epvy5tluak0z3z9uxfk0yqsepnragz33ka2gm6amddyamqjt2agngj8s8vhzhf5hm6jsgmw5umvuqx9u8h8', 'Nguyen Van H', '2023-03-12', 2022, 'Excellent', 'Part-time', 'https://gateway.pinata.cloud/ipfs/QmXbgpCyTpCwh8Qwv8RrWc7csvKZQiE26fVzNhyGWbRkAJ', 0, '2023-03-15 02:26:25', 0, NULL, 0, NULL, 0),
('d6d6366e-c31b-11ed-ae9e-062bff1cb1bf', '146d28b014f87920fa81c3b91007606d03ce0376c365befb5a3df1f7', 'bf1f5570841b4ee812dc49e6111ba402813d19b3e1f8ec1e94ca9e36', 100044, 'Education Certificate', 'The Degree Of Bachelor', 'addr_test1qq68a8hxmz6x295epvy5tluak0z3z9uxfk0yqsepnragz33ka2gm6amddyamqjt2agngj8s8vhzhf5hm6jsgmw5umvuqx9u8h9', 'Nguyen Van I', '2023-03-12', 2022, 'Excellent', 'Part-time', 'https://gateway.pinata.cloud/ipfs/QmTwrEw4JqtiKNjpuDDWQENVwZ1rXnoiTKbdkByvxK6xJg', 0, '2023-03-15 02:26:25', 0, NULL, 0, NULL, 0);

-- 
-- Restore previous SQL mode
-- 
/*!40101 SET SQL_MODE=@OLD_SQL_MODE */;

-- 
-- Enable foreign keys
-- 
/*!40014 SET FOREIGN_KEY_CHECKS = @OLD_FOREIGN_KEY_CHECKS */;